{
  "rewrites": [
    {
      "source": "/api/:path*",
      "destination": "http://localhost:3001/api/:path*"
    },
    {
      "source": "/(.*)",
      "destination": "/"
    },
    {
      "source": "/destinations/asia",
      "destination": "/"
    },
    {
      "source": "/destinations/africa",
      "destination": "/"
    },
    {
      "source": "/destinations/europe",
      "destination": "/"
    },
    {
      "source": "/destinations/america",
      "destination": "/"
    }
  ],
  "buildCommand": "npm run build",
  "outputDirectory": "dist",
  "framework": "vite",
  "headers": [
    {
      "source": "/api/(.*)",
      "headers": [
        { "key": "Access-Control-Allow-Origin", "value": "*" },
        { "key": "Access-Control-Allow-Methods", "value": "GET,DELETE,PATCH,POST,PUT" },
        { "key": "Access-Control-Allow-Headers", "value": "X-CSRF-Token, X-Requested-With, Accept, Accept-Version, Content-Length, Content-MD5, Content-Type, Date, X-Api-Version" }
      ]
    }
  ]
}